Seconds,0
0.0,0.7713147658847539
0.1,0.7410917121340006
0.2,0.7075515773560657
0.3,0.7282723070371097
0.4,0.6628992996316536
0.5,0.6878493973661594
0.6,0.7139209476885798
0.7,0.7219338345717651
0.8,0.6593795325955641
0.9,0.6726471967498466
1.0,0.7114034314687133
1.1,0.7122844706519823
1.2,0.6727254913452955
1.3,0.7162126594953651
1.4,0.7000394959030796
1.5,0.707511680110109
1.6,0.8425883259844587
1.7,0.8063334486008804
1.8,0.9214867297533534
1.9,0.893972309029978
2.0,0.8754602368888229
2.1,0.9012472968491598
2.2,0.9049542909612626
2.3,0.8686472471786477
2.4,1.1561531811021053
2.5,0.7209215344492297
2.6,0.20148820010469873
2.7,-0.3309478666819286
2.8,-0.7935040771636988
2.9,-1.201850349671116
3.0,-1.434060920545384
3.1,-1.543025598887249
3.2,-1.6459082970585146
3.3,-1.705044514979612
3.4,-1.9952441829588996
3.5,-1.3264786467783338
3.6,-0.6711311743702049
3.7,-0.2467970054818017
3.8,0.16576520600606479
3.9,0.5102413073696331
4.0,0.6446885066936753
4.1,0.8077188729672439
4.2,0.8006897281779093
4.3,0.8228345595554821
4.4,1.0382200218401891
4.5,0.6531604818867259
4.6,0.10824528651446218
4.7,-0.4143863470565689
4.8,-0.9590869472419965
4.9,-1.2025824991320053
5.0,-1.3764695959827595
5.1,-1.5183045053449487
5.2,-1.6206598399192833
5.3,-1.6761532093004112
5.4,-1.8428928995252574
5.5,-1.7213395901565351
5.6,-1.5778117976513724
5.7,-1.4727333510491223
5.8,-1.3731328263146534
5.9,-1.3014349755030605
6.0,-1.2395530471139824
6.1,-1.1699565512492054
6.2,-1.1717622266063124
6.3,-1.123241375923328
6.4,-0.9224046793605034
6.5,-0.9578219445631159
6.6,-1.0852743967234102
6.7,-1.2214911938949324
6.8,-1.2280820389394
6.9,-1.2705996040196248
7.0,-1.3780768850341574
7.1,-1.3840315739914661
7.2,-1.4078497298621153
7.3,-1.4531777009444913
7.4,-1.4655087497518389
7.5,-0.8442499342580357
7.6,-0.3768219700656622
7.7,-0.011299763481204886
7.8,0.31503275230516814
7.9,0.5259226449118873
8.0,0.6184412385007795
8.1,0.7436421960781576
8.2,0.8963299862832735
8.3,0.8979842120947015
8.4,0.9322518366551759
8.5,0.9323282413810793
8.6,0.923221120031156
8.7,0.875199194908135
8.8,0.8648363202408624
8.9,0.799713875539462
9.0,0.7696668296391674
9.1,0.7761035853201782
9.2,0.7458241654602876
9.3,0.8183196612117213
9.4,0.531913031405052
9.5,0.619138190391301
9.6,0.8493805671268746
9.7,0.9087977256550893
9.8,0.9816230186411453
9.9,1.0279762289528909
10.0,0.9442137809412204
10.1,0.9189032880842157
10.2,0.9006473082654158
10.3,0.8576248680359182
10.4,1.0750406801688102
10.5,0.6215199359831975
10.6,0.07363660149684775
10.7,-0.4305277828389746
10.8,-0.9326086349977034
10.9,-1.410698233234466
11.0,-1.5717097188681484
11.1,-1.648831495274799
11.2,-1.7073398565358415
11.3,-1.7443249035169757
11.4,-1.9488585848828295
11.5,-1.2977359308422198
11.6,-0.5068381752541696
11.7,-0.0582946834967521
11.8,0.28469533644864886
11.9,0.5514444331835062
12.0,0.552000824776681
12.1,0.6442278384928672
12.2,0.8036128663983353
12.3,0.7755037667247001
12.4,1.0657034247046782
12.5,0.6948857816557628
12.6,0.1464703678979974
12.7,-0.3773201856746325
12.8,-0.7719734633876636
12.9,-1.0333639800167678
13.0,-1.2276807666385876
13.1,-1.3948886245465646
13.2,-1.4919479246977174
13.3,-1.538638301735381
13.4,-1.7392930508577475
13.5,-1.678489048061183
13.6,-1.5097254975401886
13.7,-1.3851109994804442
13.8,-1.3029305722643991
13.9,-1.2218823668928835
14.0,-1.2097914015129596
14.1,-1.1316498954966188
14.2,-1.1386831100050272
14.3,-1.0949744271457649
14.4,-0.8273060038705541
14.5,-0.357883537355498
14.6,-0.025519621907033913
14.7,0.21324461857786275
14.8,0.4281597633278398
14.9,0.5046431638005644
15.0,0.5994425799479093
15.1,0.7711955141165134
15.2,0.9042760477793087
15.3,0.9536580290198229
15.4,1.0306681431343439
15.5,1.0558954017368767
15.6,1.1511871239011215
15.7,1.1838520690919994
15.8,1.1457097019988285
15.9,1.0932675219989592
16.0,1.1209779091950811
16.1,1.05643746431916
16.2,1.059962420997017
16.3,0.9498892891699301
16.4,0.8905133477965609
16.5,0.48470258026727475
16.6,-0.013466002949145833
16.7,-0.43949574379491824
16.8,-0.9072676742438491
16.9,-1.3849405112489754
17.0,-1.711956437860588
17.1,-1.8329761840603258
17.2,-1.9623399542853794
17.3,-1.9520684633100358
17.4,-2.330715825885887
17.5,-1.5604864935895078
17.6,-0.8608072513328184
17.7,-0.3583673939556478
17.8,0.02153339909789457
17.9,0.4195237694567372
18.0,0.58022310663753
18.1,0.653987124824881
18.2,0.6196808429328606
18.3,0.6021951599416979
18.4,0.7866277488539374
18.5,0.2643388316257432
18.6,-0.018487377331672643
18.7,-0.36937263428144246
18.8,-0.5746946512297472
18.9,-0.7117524203503157
19.0,-0.8912783579608768
19.1,-1.0066761222370693
19.2,-1.088648863789325
19.3,-1.1846036401839932
19.4,-4.687263357164433
19.5,-0.7566496511660061
19.6,-0.46240861215612183
19.7,-0.13997985889924108
19.8,0.04820223919035381
19.9,0.23412372732625206
20.0,0.29839131103734445
20.1,0.46313437908583827
20.2,0.5282237560698504
20.3,0.5623075033230823
20.4,0.6422244667824245
20.5,0.6842415764082919
20.6,0.9273182772109237
20.7,1.005170003230316
20.8,0.9882515910813509
20.9,1.053204687472595
21.0,1.0565023598395258
21.1,1.1592562669010367
21.2,1.1511217284152677
21.3,1.1228562795341694
21.4,1.0974560328727267
21.5,1.0034361229173114
21.6,1.100116849200815
21.7,1.0536224586345175
21.8,1.0218065548356654
21.9,0.9909119874384291
22.0,0.9515662534117604
22.1,0.926926954223326
22.2,0.8721356763779381
22.3,0.8800647890439242
22.4,1.1492748559019348
22.5,0.6880657724301334
22.6,0.17588982711960063
22.7,-0.3548886440882085
22.8,-0.8794721329257804
22.9,-1.3104737515707499
23.0,-1.4751470844329526
23.1,-1.605476987967363
23.2,-1.692842857240605
23.3,-1.6817431234375444
23.4,-1.8474928819957963
23.5,-1.2086485804000802
23.6,-0.5400479528361356
23.7,0.006602075683360155
23.8,0.24284847507081617
23.9,0.2897606867955849
24.0,0.3260825995518181
24.1,0.4847230288557413
24.2,0.5143948606564674
24.3,0.6087237892808166
24.4,0.8312189407950038
24.5,0.8961080816010002
24.6,1.0304516580779626
24.7,1.1154199928491912
24.8,1.1081073976259883
24.9,1.1902225293492776
25.0,1.1993329004748743
25.1,1.1821265881991962
25.2,1.1689902949765878
25.3,1.0962330172955435
25.4,1.0211529999495177
25.5,1.007348252869214
25.6,1.0091313297862552
25.7,0.9049197933425782
25.8,0.8951848053332899
25.9,0.8434610757399337
26.0,0.7711469974655406
26.1,0.7916020354868565
26.2,0.7546174584732811
26.3,0.6655323978730773
26.4,0.6681593865362354
26.5,0.681852781303012
26.6,0.6624010340261345
26.7,0.5592087972218274
26.8,0.6002563637737084
26.9,0.5773473351474541
27.0,0.5372037561947494
27.1,0.5243540231913454
27.2,0.551760971333382
27.3,0.49231691466190325
27.4,0.22661083592917508
27.5,0.38600826297874996
27.6,0.45209117138087124
27.7,0.6595037240228279
27.8,0.7175890644843217
27.9,0.7513926510765977
28.0,0.8107575232140587
28.1,0.9391753187382387
28.2,0.8842077730603383
28.3,0.9457157572621882
28.4,0.8595002385820775
28.5,0.7308799870331143
28.6,0.7855426837542524
28.7,0.7173872384160537
28.8,0.7352795833359913
28.9,0.7220039097345882
29.0,0.6759094315629751
29.1,0.7296786499594985
29.2,0.696712765541976
29.3,0.7078649757226758
29.4,0.7171395855111391
29.5,0.328839149271583
29.6,-0.019222807566095304
29.7,-0.357359383537001
29.8,-0.7084264099395151
29.9,-0.9887899768891851
30.0,-1.133726252169026
30.1,-1.2019477429482133
30.2,-1.31292978203488
30.3,-1.3471889171813651
30.4,-1.4091840377569673
30.5,-1.4356616100523376
30.6,-1.3354790254965312
30.7,-1.3416044026715042
30.8,-1.2557640280957936
30.9,-1.2184265054454932
31.0,-1.2115792780986874
31.1,-1.1883644805791727
31.2,-1.1749003099894162
31.3,-1.168633842553679
31.4,-0.9038267717638651
31.5,-0.9539857693681776
31.6,-0.9874823571520922
31.7,-1.0598313530161794
31.8,-1.084932920294984
31.9,-1.1599139444743505
32.0,-1.188112397980033
32.1,-1.207066189629994
32.2,-1.2074596624691907
32.3,-1.2671407427793053
32.4,-1.4763513013077803
32.5,-0.8296278935942057
32.6,-0.2638423788668349
32.7,0.22707001423282835
32.8,0.31801000679003466
32.9,0.4037430887719819
33.0,0.4926951285544009
33.1,0.5781516596262168
33.2,0.6294758767972791
33.3,0.6811036230162149
33.4,0.9330592209227263
33.5,0.9872859377388625
33.6,1.0413942027315395
33.7,1.1154821885559207
33.8,1.1805471972220392
33.9,1.198500257950861
34.0,1.204272359511887
34.1,1.2444603853964906
34.2,1.1358172848566224
34.3,1.094012370583248
34.4,1.1186841675284138
34.5,1.0895189807547885
34.6,0.9774263383313005
34.7,0.8797440011873987
34.8,0.8469952417820826
34.9,0.7813760113730082
35.0,0.7258812520878232
35.1,0.707999966404484
35.2,0.7396408322859249
35.3,0.7987925291385362
35.4,0.7975254965997736
35.5,0.3226187786538559
35.6,-0.17933004261875463
35.7,-0.6962308317808444
35.8,-1.1503171069287557
35.9,-1.3479036678432659
36.0,-1.5350518493024783
36.1,-1.6028832670077884
36.2,-1.6880538878155344
36.3,-1.7106396287578223
36.4,-1.7406968539554564
36.5,-1.1947095425896515
36.6,-0.6184612200932308
36.7,-0.1894005774657793
36.8,0.0911012089428217
36.9,0.3528632309275032
37.0,0.5340966806712224
37.1,0.6302687220684333
37.2,0.7228108840304384
37.3,0.8568184237034857
37.4,0.6590181375420888
37.5,0.6848985210604492
37.6,0.8811600434402581
37.7,0.9885295118969197
37.8,0.9912290155544834
37.9,1.071319737019587
38.0,1.0567439431634138
38.1,1.0824604679926784
38.2,1.0126912840482847
38.3,0.9169826706613764
38.4,0.9130302634897461
38.5,0.8598301658077268
38.6,0.8492516760240221
38.7,0.8174824390038363
38.8,0.8175907615265052
38.9,0.8166167887582936
39.0,0.7910357445770158
39.1,0.8121535268501519
39.2,0.8181274744780652
39.3,0.7571101464070046
39.4,0.7859284871228606
39.5,0.8008979938016652
39.6,0.6662106910515798
39.7,0.6518214743162851
39.8,0.6052538288066596
39.9,0.5819204994692073
40.0,0.601732161901715
40.1,0.5949397207731039
40.2,0.5741507558022333
40.3,0.6245536465709892
40.4,0.8030172075157188
40.5,0.3716486042031163
40.6,-0.08729228783832557
40.7,-0.5328253713994245
40.8,-0.7810950937360538
40.9,-0.9970294781295423
41.0,-1.2046385572055922
41.1,-1.3530712111359857
41.2,-1.4243276924146142
41.3,-1.5085955755369043
41.4,-1.8144281644005706
41.5,-1.1260802799583056
41.6,-0.5682034293084541
41.7,-0.10363765754349752
41.8,0.3296696519433067
41.9,0.6324210934936632
42.0,0.7595798659262011
42.1,0.7819268433499544
42.2,0.8275122266635745
42.3,0.8352177647625565
42.4,0.8942767780129692
42.5,0.5095543847868045
42.6,0.11007568016530478
42.7,-0.22062548206036503
42.8,-0.6149796704190578
42.9,-0.8326582144159876
43.0,-0.9259024979116618
43.1,-1.052390266662515
43.2,-1.138645812579609
43.3,-1.2273299908520814
43.4,-1.0627361525024992
43.5,-0.6411735922943649
43.6,-0.3237336646667995
43.7,0.051260469085616746
43.8,0.3588244394347778
43.9,0.6023934162563804
44.0,0.7698571864991366
44.1,0.9201579514768008
44.2,1.0007805062303001
44.3,1.0510095390001968
44.4,1.1359616748896084
44.5,0.6008294642134981
44.6,0.14504465631259658
44.7,-0.3008879916672072
44.8,-0.7418898400122537
44.9,-1.086472913991673
45.0,-1.2802728362918132
45.1,-1.3899410660686435
45.2,-1.5663903860532173
45.3,-1.6400145038976661
45.4,-1.6457312092826017
45.5,-1.1480891607203327
45.6,-0.706695979388379
45.7,-0.272441855258681
45.8,0.00837676117964791
45.9,0.21697973074902063
46.0,0.44558474050942776
46.1,0.5697149619980121
46.2,0.608778455507294
46.3,0.7154870095858222
46.4,0.5244152789629571
46.5,0.1522665977934827
46.6,-0.1420526958146114
46.7,-0.4692445602815143
46.8,-0.8347091328443562
46.9,-1.075167894359166
47.0,-1.2253798254688906
47.1,-1.275319278228034
47.2,-1.2763461073476559
47.3,-1.3096936054229955
47.4,-1.0417709996935942
47.5,-0.5424876644267316
47.6,-0.13395491479153343
47.7,0.15014731408426052
47.8,0.41471560135692037
47.9,0.6004533301774313
48.0,0.7399693396095878
48.1,0.8713815684328081
48.2,0.9625727536505853
48.3,0.9883269658783488
48.4,0.8450409066867205
48.5,0.9377014504770164
48.6,0.9804509095499684
48.7,0.8650394062221606
48.8,0.8389160294772356
48.9,0.8290802884227696
49.0,0.7826025967037771
49.1,0.7369761362256484
49.2,0.7599954172413559
49.3,0.720557279593162
49.4,0.7171646337820968
49.5,0.7337001423622853
49.6,0.8415111703387967
49.7,0.8481560516532267
49.8,0.8725216397355026
49.9,0.9200951958087246
50.0,0.9142228911645579
50.1,0.881439654139177
50.2,0.9097635789837729
50.3,0.8731720048418354
50.4,1.1450559471264856
50.5,1.1017504364368909
50.6,1.0146302502045401
50.7,1.0060838401496093
50.8,0.9642651268287612
50.9,0.9655162804636191
51.0,0.9362784387052518
51.1,0.9705877103908914
51.2,0.9629714361301689
51.3,0.9505332447187045
51.4,0.726263985668334
51.5,0.26596577932013604
51.6,0.05473419230003786
51.7,-0.30324775877624344
51.8,-0.6263602448361381
51.9,-0.8843135787284905
52.0,-1.1146629680771538
52.1,-1.0769564708965773
52.2,-1.1517060110549169
52.3,-1.1899230729920216
52.4,-0.9550956927519347
52.5,-1.0827748692618084
52.6,-1.186619401039233
52.7,-1.260496801399993
52.8,-1.332444534962578
52.9,-1.4054613947250845
53.0,-1.4152566185763886
53.1,-1.440488876833803
53.2,-1.4484576267636917
53.3,-1.4599877308589766
53.4,-1.6540910322173439
53.5,-0.9828667857576316
53.6,-0.3513965351429251
53.7,0.1237405469013259
53.8,0.3295321214368185
53.9,0.35794330025841126
54.0,0.4332435124047408
54.1,0.5462293531721703
54.2,0.6308089547770301
54.3,0.6390701345209547
54.4,0.9205270060015549
54.5,0.4882774634987811
54.6,0.07815831037048854
54.7,-0.2666868425180411
54.8,-0.5648905579906829
54.9,-0.8210746440113968
55.0,-0.9564147716980168
55.1,-1.1228656018624126
55.2,-1.272367581978923
55.3,-1.3541004400899508
55.4,-1.3956981686650238
55.5,-0.9002445290403728
55.6,-0.49115219803218524
55.7,-0.14106493399823583
55.8,0.08400463780782036
55.9,0.37128196951132497
56.0,0.5272604025686076
56.1,0.6990547638775624
56.2,0.8200509117062581
56.3,0.9413562081949142
56.4,0.9627246931624428
56.5,0.47382224131973694
56.6,-0.008325603082758534
56.7,-0.5054832487825852
56.8,-0.8400291356130413
56.9,-1.0548139993561088
57.0,-1.2426199354115695
57.1,-1.342964008820058
57.2,-1.4395149440628303
57.3,-1.5049232290331325
57.4,-1.5488185990056806
57.5,-1.0275699799673599
57.6,-0.49610163638034194
57.7,-0.028097841936613088
57.8,0.2341486156082536
57.9,0.39804023243106884
58.0,0.6984759938291367
58.1,0.7721725166755835
58.2,0.8168979493502259
58.3,0.8516417310423322
58.4,0.935152046458314
58.5,0.4914116271524577
58.6,-0.00010043305314071133
58.7,-0.44925315025669643
58.8,-0.9026343740731778
58.9,-1.3131728652552326
59.0,-1.5013310769936643
59.1,-1.6349501534817066
59.2,-1.7419025707267488
59.3,-1.8127827779789738
59.4,-2.02997128580232
59.5,-1.443438573220961
59.6,-0.8407234376864754
59.7,-0.25998673501578684
59.8,0.11276406459041126
59.9,0.42621942726614664
60.0,0.7113319764011428
60.1,0.7454984179461195
60.2,0.6646423493117113
60.3,0.7119472039329665
60.4,0.6831431022342139
60.5,0.7222477729011023
60.6,0.739761963924401
60.7,0.7634532685513894
60.8,0.7605793669322393
60.9,0.7823005275551291
61.0,0.7755753717819172
61.1,0.7716026860100864
61.2,0.8000543820348412
61.3,0.8141117816749414
61.4,0.7684916907571321
61.5,0.3508367208142676
61.6,0.043781685334143346
61.7,-0.24933262045234023
61.8,-0.4671779429368169
61.9,-0.6437049675575636
62.0,-0.7756368605091971
62.1,-0.8660412300396075
62.2,-0.9319922375466374
62.3,-0.996965752528419
62.4,-0.809110639867541
62.5,-0.9320545632443938
62.6,-1.0764408064920696
62.7,-1.1802932377242072
62.8,-1.259083698944204
62.9,-1.3294415422543797
63.0,-1.3426136330059422
63.1,-1.3539978471717764
63.2,-1.2758871390295077
63.3,-1.2509531601823407
63.4,-1.283001847912489
63.5,-1.3139138141087137
63.6,-1.2907944100043436
63.7,-1.1764905002211183
63.8,-1.2154240127027836
63.9,-1.2182360185944971
64.0,-1.1983360922547064
64.1,-1.2454038432428474
64.2,-1.2529030255862386
64.3,-1.249111987275573
64.4,-1.3292077583921074
64.5,-1.3250436458341628
64.6,-1.3059960606586194
64.7,-1.3880814944319109
64.8,-1.410429151808728
64.9,-1.3759447322132696
65.0,-1.4094532191758027
65.1,-1.4858629447341891
65.2,-1.4678388889060456
65.3,-1.4840760680794376
65.4,-1.5020629264752605
65.5,-0.9105517375501916
65.6,-0.43680917924418877
65.7,-0.08219775450584453
65.8,0.18525045097065027
65.9,0.41110297073105656
66.0,0.549883310945287
66.1,0.7010950330410327
66.2,0.8185884626567858
66.3,0.9532202192411343
66.4,0.7639274058224489
66.5,0.8120227858749931
66.6,1.1053638870061553
66.7,1.2070969645339025
66.8,1.1475545746502087
66.9,1.1041218727404212
67.0,1.0802295219913263
67.1,1.0155570862265262
67.2,1.0455934128667546
67.3,0.9641005981859113
67.4,0.9621636818881573
67.5,0.5809798843983669
67.6,0.27167026554854057
67.7,-0.13662740031411583
67.8,-0.44811107909204934
67.9,-0.7651048875145126
68.0,-1.0808601014351806
68.1,-1.2894267044148813
68.2,-1.309349429180933
68.3,-1.2875423344899348
68.4,-1.0592316944096576
68.5,-0.5713147345400112
68.6,-0.25849583793003733
68.7,0.012035974689969428
68.8,0.19442922737433943
68.9,0.3391839651854226
69.0,0.5129578798489631
69.1,0.7086571210421465
69.2,0.7882433773296778
69.3,0.9022573771249278
69.4,0.9849242507623517
69.5,0.5673406758911992
69.6,0.08473662727975337
69.7,-0.3128889532599493
69.8,-0.6395566639083551
69.9,-0.8925123427808708
70.0,-1.068159878111362
70.1,-1.2140520074101229
70.2,-1.3310722296906243
70.3,-1.3475056953146753
70.4,-1.3909007998197518
70.5,-1.4265741373460996
70.6,-1.471329347965218
70.7,-1.4651471747107878
70.8,-1.4789983185883948
70.9,-1.4788588282171928
71.0,-1.4783375641992176
71.1,-1.471293650429362
71.2,-1.4373994900892477
71.3,-1.402006933181061
71.4,-1.373959369259711
71.5,-0.8088899551010588
71.6,-0.2980377184170284
71.7,0.10053515873229862
71.8,0.38219115646753066
71.9,0.6490815034521084
72.0,0.8329351923248952
72.1,0.9699893716932584
72.2,1.0470781103804505
72.3,1.1098570768484195
72.4,0.9203569577397155
72.5,0.5252081442327308
72.6,0.2301764597998403
72.7,-0.17309944270713948
72.8,-0.47788128410222963
72.9,-0.6158360913016887
73.0,-0.7762153005804006
73.1,-0.8703211246053046
73.2,-0.9826612099482022
73.3,-1.0957826713539551
73.4,-1.195375196640613
73.5,-1.214375385087877
73.6,-1.1846644359873557
73.7,-1.1971393748622012
73.8,-1.196162242312104
73.9,-1.1648286052231493
74.0,-1.1522548731678397
74.1,-1.126263267326979
74.2,-1.14015060870593
74.3,-1.1073280743931784
74.4,-1.1004367500903152
74.5,-1.1093650337851169
74.6,-1.175003902838567
74.7,-1.222572219273473
74.8,-1.1943121700196468
74.9,-1.2411019401963606
75.0,-1.2351840486989818
75.1,-1.216997604080278
75.2,-1.177061360815521
75.3,-1.2213729020604294
75.4,-1.0146310731194843
75.5,-0.9708285767360202
75.6,-0.9758635791778237
75.7,-0.9542507410776025
75.8,-0.9611679935906827
75.9,-0.9613188031805371
76.0,-0.966828922825757
76.1,-1.018120932220071
76.2,-1.045975409469886
76.3,-1.0523824672008995
76.4,-1.0667143778919388
76.5,-1.111364795744735
76.6,-1.1818789282665156
76.7,-1.222278139573326
76.8,-1.30864197801516
76.9,-1.3281656303285474
77.0,-1.334657082233965
77.1,-1.3139622107679696
77.2,-1.2927735733858488
77.3,-1.3150801335995377
77.4,-1.3130490738003595
77.5,-1.3390653779363362
77.6,-1.330233887560046
77.7,-1.3510994472437055
77.8,-1.3288353840965117
77.9,-1.3110345128622913
78.0,-1.3223842294094414
78.1,-1.3350192572336017
78.2,-1.2927883723642988
78.3,-1.3041576875585854
78.4,-1.4673266242668577
78.5,-0.8771223851251272
78.6,-0.27857129215341797
78.7,0.3469461493742153
78.8,0.5388166548589244
78.9,0.5157347181682382
79.0,0.5910866167467358
79.1,0.6303942034066565
79.2,0.7095361303655334
79.3,0.7172935148856396
79.4,1.015729274340655
79.5,1.0549317682549606
79.6,1.1242048864419831
79.7,1.163096501815739
79.8,1.2226976876408426
79.9,1.276687560805919
80.0,1.2867475663797625
80.1,1.256996620040187
80.2,1.257162408596067
80.3,1.1924766737492813
80.4,-4.981188967947826
80.5,1.1744358190807351
80.6,-2.3300803697504113
80.7,1.3079175050526255
80.8,0.9932230579089166
80.9,1.0274183674611808
81.0,0.6337295831707055
81.1,1.0793456830013237
81.2,1.0885254493366794
81.3,0.8877343896236158
81.4,0.8439989886086654
81.5,0.9426714374067372
81.6,0.9391858080141806
81.7,0.8868768288196718
81.8,0.8511661938679057
81.9,0.9312885531491015
82.0,0.8684909679663527
82.1,0.8249162658586127
82.2,0.7469119903694674
82.3,0.8339363832142832
82.4,0.8134217193088471
82.5,0.33985533884156877
82.6,-0.09177561836116278
82.7,-0.558147423458516
82.8,-1.0365792580712465
82.9,-1.3762794091110566
83.0,-1.729984193433344
83.1,-1.845285334379291
83.2,-1.8918309214115783
83.3,-1.9286625789809393
83.4,-2.2095085926280817
83.5,-1.5564002756546211
83.6,-0.8201900650724716
83.7,-0.4095600702067702
83.8,0.06230081698799137
83.9,0.32110142339447195
84.0,0.60117028068748
84.1,0.8632700283594954
84.2,0.9242231808604935
84.3,0.8710910684855565
84.4,1.14576419823704
84.5,1.0978163080035086
84.6,1.0673089138803182
84.7,0.9998865679374361
84.8,0.9168187019798733
84.9,0.9345213399949762
85.0,0.9712578641312466
85.1,0.9443783895785485
85.2,0.9370848530397552
85.3,0.9804709081694956
85.4,0.9425903230059351
85.5,0.4296427109623273
85.6,0.024428709239248537
85.7,-0.44240221316596834
85.8,-0.9103890487803381
85.9,-1.1133850562893683
86.0,-1.3684377504082628
86.1,-1.5470639201283678
86.2,-1.5938863880480085
86.3,-1.677909488067286
86.4,-1.9398659056331504
86.5,-1.3077660384798704
86.6,-0.7636586473461671
86.7,-0.3020845290721366
86.8,0.21450364166950472
86.9,0.5058294419136762
87.0,0.5911371432589712
87.1,0.5328824344887017
87.2,0.6301689689542318
87.3,0.6559862368293645
87.4,0.9102011287804076
87.5,0.8869514436691276
87.6,0.960713961960014
87.7,1.050692360894496
87.8,1.0489378820033786
87.9,1.082852340942313
88.0,1.1184121863028444
88.1,1.1227818846695283
88.2,1.1594032567545611
88.3,1.1179828159415963
88.4,1.1113646727814743
88.5,1.113253342409619
88.6,1.0816163262624372
88.7,1.0953591776153042
88.8,1.0715024244089677
88.9,1.0561628832730523
89.0,1.0365662359983907
89.1,1.0175197507469214
89.2,1.0213283878427708
89.3,1.0227154920931745
89.4,0.7568717828608604
89.5,0.7907844619226571
89.6,0.9705297143942627
89.7,0.9938607638890888
89.8,0.8819456492111435
89.9,0.9300850962218158
90.0,0.9122599266648699
90.1,0.9075157241496107
90.2,0.8340391561200333
90.3,0.8633445632144732
90.4,0.8889866031853088
90.5,0.8626361521149627
90.6,0.9105965314863887
90.7,0.8081008765981419
90.8,0.9087206609747415
90.9,0.8111293775455466
91.0,0.8146884318696972
91.1,0.8787773379146242
91.2,0.7948497013056595
91.3,0.8424104682616939
91.4,0.7964022041388625
91.5,0.4307153169220469
91.6,0.10700413218936773
91.7,-0.2511089478352912
91.8,-0.5757524382123972
91.9,-0.8940189687808785
92.0,-1.03772487899086
92.1,-1.1044324742718412
92.2,-1.1680168851412664
92.3,-1.1862917236582804
92.4,-0.9600480508985424
92.5,-0.5720978104855263
92.6,-0.2650078684149484
92.7,0.055346180055498156
92.8,0.24654320002983898
92.9,0.29523014924730623
93.0,0.5554669655145084
93.1,0.7228790793230259
93.2,0.7848009349559901
93.3,0.9236470306312258
93.4,0.9800831849334127
93.5,0.49381145149640676
93.6,0.0770396275913784
93.7,-0.3131732036385985
93.8,-0.6460123982792972
93.9,-0.8208561290951334
94.0,-1.0149461513701346
94.1,-1.2384120258768603
94.2,-1.3628753343729791
94.3,-1.38151784751
94.4,-1.4752008807194805
94.5,-0.9969164559312845
94.6,-0.5259180482009397
94.7,-0.1615034531598223
94.8,0.12980166851175817
94.9,0.3754796197542167
95.0,0.5486913832221586
95.1,0.7059627770284209
95.2,0.8145367023433446
95.3,0.8891145643523533
95.4,0.9197049427472717
95.5,0.9641596341107554
95.6,0.9796054379115285
95.7,1.0188317601810004
95.8,0.9882219431279018
95.9,1.001797736012549
96.0,1.0403888721279093
96.1,0.9998946773776545
96.2,1.007980209246272
96.3,0.9331933916611339
96.4,0.7511831255398116
96.5,0.8046262364470154
96.6,1.0039696860862959
96.7,1.014471861137885
96.8,1.0323349280788348
96.9,0.9711775396759157
97.0,0.9563320844340382
97.1,0.9406808548134821
97.2,0.8719664380601896
97.3,0.8803675581442555
97.4,0.8643192859309171
97.5,0.49740650333570624
97.6,0.05711783176120365
97.7,-0.24282019999434837
97.8,-0.5795632851557044
97.9,-0.9466544254391681
98.0,-1.0999844813097084
98.1,-1.160686091174294
98.2,-1.3297307222927426
98.3,-1.338907288848974
98.4,-1.192055425799105
98.5,-0.7326575473027098
98.6,-0.32351026008806166
98.7,0.05786317331146397
98.8,0.33020473500737535
98.9,0.5740163750783205
99.0,0.7894531838186635
99.1,0.9063254363132836
99.2,1.0490833719604387
99.3,1.1115374608541888
99.4,0.9290251693868764
99.5,1.0672378187878993
99.6,1.0102170548403846
99.7,0.9229683974761913
99.8,0.9143199944616721
99.9,0.8537592348744164
100.0,0.8558504705197517
100.1,0.8164663591422103
100.2,0.803284629056036
100.3,0.7915446394488136
100.4,0.7838954674589688
100.5,0.7679611773776254
100.6,0.7518056625670726
100.7,0.756233026953163
100.8,0.7572178289738486
100.9,0.7600141959450919
101.0,0.7721068312097465
101.1,0.7867049435253122
101.2,0.8069078789488687
101.3,0.7841546795659701
101.4,0.771301486801388
101.5,0.7729341541009656
101.6,0.9136612799316866
101.7,0.869171221009569
101.8,0.9123965372348599
101.9,0.9710358294579462
102.0,0.9541071680164736
102.1,0.9880696336415831
102.2,0.9331019579726557
102.3,0.9567861530904023
102.4,1.1392647468838113
102.5,0.7121124725247391
102.6,0.22184548487376593
102.7,-0.3020074143952398
102.8,-0.6565835985661843
102.9,-1.058944714219443
103.0,-1.2934535264497722
103.1,-1.420808935308811
103.2,-1.4677855925850058
103.3,-1.6094253154206097
103.4,-1.853118193689493
103.5,-1.199690498762183
103.6,-0.6351618072783061
103.7,-0.0894271334733328
103.8,0.26981299375305345
103.9,0.6468224793889402
104.0,0.6922222455154189
104.1,0.6335463958158368
104.2,0.7900531424044782
104.3,0.8424174977764577
104.4,1.0554283339778199
104.5,0.659479735678705
104.6,0.11870504449403413
104.7,-0.38874361713335953
104.8,-0.7712676521086915
104.9,-1.0320257723911082
105.0,-1.1451323648232428
105.1,-1.3947817319251918
105.2,-1.3575259036356597
105.3,-1.4076432441154973
105.4,-1.6857803447545894
105.5,-1.7129254709697763
105.6,-1.4485417209588034
105.7,-1.356023007378194
105.8,-1.3579683730926984
105.9,-1.1725662711044018
106.0,-1.1458200173556838
106.1,-1.1439545461261906
106.2,-1.0088215741399427
106.3,-1.0347191864690257
106.4,-0.7495581206830566
106.5,-0.8774502124957262
106.6,-1.0099264978688183
106.7,-1.052561854818058
106.8,-1.0769652702891694
106.9,-1.163945266198635
107.0,-1.2078568350530001
107.1,-1.2031702585599082
107.2,-1.2505510879367474
107.3,-1.2307552544115952
107.4,-1.3447956823825502
107.5,-0.5711325871133578
107.6,-0.25535093501767464
107.7,0.19648811525258955
107.8,0.4461874989019763
107.9,0.6353518711867485
108.0,0.8589499665664779
108.1,0.9458037411887977
108.2,1.0170250848929172
108.3,1.0701864152509832
108.4,1.0865245874529872
108.5,1.03945243676855
108.6,1.0079345124006527
108.7,1.0967154839916362
108.8,1.1244730679298425
108.9,1.005973247783624
109.0,0.9356061351132976
109.1,0.8998072762514873
109.2,0.9838385557061516
109.3,0.9675889973872723
109.4,0.6947647400110747
109.5,0.6867065262567312
109.6,1.0050503114924458
109.7,1.0281756151895767
109.8,1.0292438414516198
109.9,0.916628725093675
110.0,0.9427089248190409
110.1,0.9400580178069283
110.2,0.9124692622147703
110.3,0.8377920170660215
110.4,1.0763801877047392
110.5,0.650832252600684
110.6,0.12977614027393175
110.7,-0.3547954805191413
110.8,-0.8629368943269556
110.9,-1.2402062020277391
111.0,-1.3769001662611793
111.1,-1.4863844087383598
111.2,-1.5134365413727455
111.3,-1.547101217553786
111.4,-1.7980567944901515
111.5,-1.1554575520920163
111.6,-0.41520951023492625
111.7,0.057375326986718496
111.8,0.3722177649148592
111.9,0.412089512631641
112.0,0.5803866453487133
112.1,0.6810969134793635
112.2,0.8183065721152407
112.3,0.8211194179489746
112.4,1.0647220924444802
112.5,0.6849760457090462
112.6,0.1354576580878093
112.7,-0.30715782887033466
112.8,-0.6708920708751381
112.9,-0.9355582913876226
113.0,-1.1268702254296283
113.1,-1.2224443281015966
113.2,-1.313546139488707
113.3,-1.373909372710893
113.4,-1.6694048751271673
113.5,-1.651503710816018
113.6,-1.3915557546092663
113.7,-1.3265037450458406
113.8,-1.3168999079834114
113.9,-1.119584428356592
114.0,-1.1392052739608813
114.1,-1.066431597411825
114.2,-1.0288463918586805
114.3,-1.02993931641584
114.4,-0.3520514399358907
114.5,-0.35733577516664916
114.6,-0.05678618362609471
114.7,0.2521760012065483
114.8,0.31980019321631786
114.9,0.5443905401025068
115.0,0.7342951712883865
115.1,0.8554133206955076
115.2,0.9864372863199179
115.3,1.0775743052767057
115.4,1.135122532814249
115.5,1.1643601145905624
115.6,1.2495169363508347
115.7,1.301450751442324
115.8,1.2603744868714213
115.9,1.2470915037745811
116.0,1.229296832112414
116.1,1.1794759711670668
116.2,1.1008100013536264
116.3,1.1697673413383152
116.4,1.1267866082298417
116.5,0.6265555583822064
116.6,0.19445985526014528
116.7,-0.264849279362098
116.8,-0.7437478817545926
116.9,-1.0573398250023887
117.0,-1.6388624834198042
117.1,-1.8339979135319682
117.2,-1.8151242163532135
117.3,-1.8507061601883223
117.4,-2.094264047775397
117.5,-1.4390751744194281
117.6,-0.802402142944395
117.7,-0.29765119509811727
117.8,0.09381270477258473
117.9,0.48178757148568657
118.0,0.6124232839105966
118.1,0.5478361922546285
118.2,0.5818725927761299
118.3,0.6748704032854417
118.4,0.672120743090104
118.5,0.3136993143502656
118.6,-0.057832951369385176
118.7,-0.25521755422473824
118.8,-0.47359872972013534
118.9,-0.6899071782925694
119.0,-0.8575262578145735
119.1,-0.9777030022053829
119.2,-1.0542655372155765
119.3,-1.1707140989568943
119.4,-1.1857805589431665
119.5,-0.7666145333060688
119.6,-0.4267747319061009
119.7,-0.15484942247695865
119.8,0.021806289260721416
119.9,0.24943816019535123
120.0,0.34838239023279716
120.1,0.45149281268461866
120.2,0.49845260112524253
120.3,0.6345052896249249
120.4,0.6871379064792418
120.5,0.8256630543089958
120.6,0.98041150227019
120.7,1.0114155721086473
120.8,1.0601763062328597
120.9,1.1597921299112668
121.0,1.1154533905438015
121.1,1.1394250358193216
121.2,1.1267737091202465
121.3,1.1454382207387472
121.4,1.0972312483892415
121.5,1.0584580248430866
121.6,1.052742119402932
121.7,1.0900812419427948
121.8,0.980801585343377
121.9,1.0292869384767007
122.0,0.9631015571481223
122.1,0.9265657991532852
122.2,0.9867754029802636
122.3,0.9297593987041965
122.4,1.152819411226928
122.5,0.6870148549732911
122.6,0.18312631759619274
122.7,-0.3433609598258864
122.8,-0.8016794828284715
122.9,-1.144666097008967
123.0,-1.334558989005184
123.1,-1.4566482613772342
123.2,-1.515381607107957
123.3,-1.504221877446315
123.4,-1.7546005942024197
123.5,-1.1427267308803208
123.6,-0.4526304871245135
123.7,0.10487400922836186
123.8,0.3331831894094135
123.9,0.28006670595563704
124.0,0.4112856681197469
124.1,0.47350562317538303
124.2,0.5744311464473137
124.3,0.6608643401016677
124.4,0.8453637244031279
124.5,0.9488894181894307
124.6,1.0985072603081718
124.7,1.2145977467668558
124.8,1.2716259102035954
124.9,1.2425662161479758
125.0,1.3211754898750567
125.1,1.2908326843905749
125.2,1.257540982463716
125.3,1.1996984752398308
125.4,1.1570268207961492
125.5,1.1281234159521345
125.6,1.0757436316451898
125.7,1.1067005947353505
125.8,1.0298399003066265
125.9,0.9528180670010628
126.0,0.9369192844686898
126.1,0.9162872586645585
126.2,0.8583048011012221
126.3,0.8181502529057066
126.4,0.7882355378708231
126.5,0.719927723050447
126.6,0.7882128494369696
126.7,0.7247102329214105
126.8,0.6816973420327371
126.9,0.7067787907002973
127.0,0.6441192159909055
127.1,0.6281272498908458
127.2,0.6945188469846786
127.3,0.6415301947069197
127.4,0.3736109587449089
127.5,0.5533114343073933
127.6,0.6703705439035653
127.7,0.7316449942258867
127.8,0.8740472744233707
127.9,0.928043617141864
128.0,0.983975696239559
128.1,0.935336533723452
128.2,0.8069646350310868
128.3,0.8245962479489392
128.4,0.8145079243298451
128.5,0.7682194195515796
128.6,0.7466763566348886
128.7,0.7718684976615315
128.8,0.7507293468634306
128.9,0.7148874709710176
129.0,0.7297415256192918
129.1,0.7314172799446407
129.2,0.7234378307533049
129.3,0.7353051215731274
129.4,0.7696630099028376
129.5,0.39034990328223723
129.6,0.015464276039789481
129.7,-0.3565109321042515
129.8,-0.6986380256160893
129.9,-0.8719665410248308
130.0,-1.0053415143629245
130.1,-1.1831353415383092
130.2,-1.2772223468622381
130.3,-1.3002112599741937
130.4,-1.3857462556297246
130.5,-1.3722147896852592
130.6,-1.3244635858747775
130.7,-1.2976964335686538
130.8,-1.240723266335614
130.9,-1.2545776099923451
131.0,-1.1942425748236922
131.1,-1.161387542754209
131.2,-1.1563441908887528
131.3,-1.1336496574562371
131.4,-0.9155841001742175
131.5,-0.9153049694421672
131.6,-0.9398541248530828
131.7,-0.9932230908783896
131.8,-0.9961958356745527
131.9,-1.0634641022532876
132.0,-1.063633390567585
132.1,-1.0576702021969775
132.2,-1.1338442440242362
132.3,-1.1212551130318906
132.4,-1.3456184255898975
132.5,-0.7707900950736929
132.6,-0.14876648237262224
132.7,0.22133175033604255
132.8,0.3200013093335928
132.9,0.37392597699970065
133.0,0.44290692535474135
133.1,0.9677165485826166
133.2,1.0249949347468799
133.3,0.6646351998052304
133.4,0.9209728252273641
133.5,1.0296481135453612
133.6,1.1036841029589717
133.7,1.625829560089988
133.8,1.2742610283055913
133.9,1.3439015211333278
134.0,1.3035660054297113
134.1,1.2772057250378674
134.2,1.2063475162671224
134.3,1.23810482411076
134.4,1.1378063475547937
134.5,1.1114873643122734
134.6,1.0866950756844562
134.7,1.0105565314068583
134.8,0.9613411686649345
134.9,0.899256994236578
135.0,1.3422250368583664
135.1,0.7776843762007023
135.2,0.849577093560968
135.3,0.8918965823140859
135.4,0.8559486437430105
135.5,0.37097463072643155
135.6,-0.10445338123539073
135.7,-0.5905874641741913
135.8,-1.039350466779125
135.9,-1.2469462367738795
136.0,-1.417946232916596
136.1,-1.5482955351119476
136.2,-1.6187567712850788
136.3,-1.6652036651299997
136.4,-1.7126695886329264
136.5,-1.1157932900528287
136.6,-0.53845749262307
136.7,-0.15530544099872665
136.8,0.1280803473318167
136.9,0.42891008153456944
137.0,0.6013108709827558
137.1,0.7488558761861267
137.2,0.8573391277601142
137.3,0.9466815805929424
137.4,0.7022669421460144
137.5,0.8454041016159531
137.6,0.9921109546756309
137.7,1.0166215127508593
137.8,1.1531176906371758
137.9,1.1244662683992033
138.0,1.0147429424255756
138.1,1.0224637094733275
138.2,0.9596337465255644
138.3,0.9151694458253978
138.4,0.888703772708646
138.5,0.8487143731131859
138.6,0.8601529135289657
138.7,0.8173709167020432
138.8,-5.103414530911953
138.9,0.9922908922548266
139.0,0.8713422611461275
139.1,0.7873478991431103
139.2,0.8032492414987827
139.3,0.726592273007182
139.4,0.779226489751061
139.5,0.7705004920927764
139.6,0.7040744973733569
139.7,0.7091378078611013
139.8,0.6420056218889388
139.9,0.6644025658635808
140.0,0.6666477608813458
140.1,0.6293078683946315
140.2,0.6548913924047307
140.3,0.6910659753309074
140.4,0.8140760941383952
140.5,0.4219765401458845
140.6,-0.0015770480247618754
140.7,-0.4397219581796997
140.8,-0.6807448607527511
140.9,-0.8787069857426714
141.0,-1.1166368318244844
141.1,-1.2386134119754988
141.2,-1.2865270045765411
141.3,-1.4245044802112343
141.4,-1.7208274255104445
141.5,-1.0613931452081529
141.6,-0.5202783275018739
141.7,0.014352968751560969
141.8,0.3632806818274655
141.9,0.575139527548895
142.0,0.6014839090382146
142.1,0.7459104995007865
142.2,0.7965640829646251
142.3,0.7676075617871462
142.4,0.872676499045811
142.5,0.4805075898407802
142.6,0.1117472447798627
142.7,-0.25156646625352375
142.8,-0.5302384899677282
142.9,-0.6798524423549712
143.0,-0.9089323893312191
143.1,-1.0258004021184992
143.2,-1.4268999148581973
143.3,-1.2134514488657224
143.4,-1.0440898396277682
143.5,-0.6272357644004176
143.6,-0.23330159704834397
143.7,0.11475157739556897
143.8,0.38023204170210156
143.9,0.601534305559423
144.0,0.8569815124457296
144.1,1.1614999120257885
144.2,1.207827414112132
144.3,1.2960788222580366
144.4,1.0833930036212298
144.5,0.8642920978076698
144.6,0.27894967306263796
144.7,-0.15801750378935328
144.8,-0.6061157322825845
144.9,-0.9629087134315656
145.0,-1.1249741563122584
145.1,-1.2770714572779058
145.2,-1.4578218803641856
145.3,-1.498330584112907
145.4,-1.5537475587674414
145.5,-1.0953733996053319
145.6,-0.5968361728357883
145.7,-0.1394448458303408
145.8,0.11859170231786396
145.9,0.32855587882529047
146.0,0.5831226964834628
146.1,0.6106698149497651
146.2,0.7376247914500118
146.3,0.8979670432798373
146.4,0.6353677200927238
146.5,0.25088044063703024
146.6,-0.04620965470703466
146.7,-0.3702573632100142
146.8,-0.6935028500890742
146.9,-0.9893232800761158
147.0,-1.0921432225793053
147.1,-1.1201964861072207
147.2,-1.1699751499653657
147.3,-1.173223525735162
147.4,-0.9620867501703799
147.5,-0.5833513536713703
147.6,-0.24020803030825988
147.7,0.10784660403487853
147.8,0.41323872330345934
147.9,0.5420164239839598
148.0,0.759322683679082
148.1,0.9362395813875106
148.2,1.0004130315964888
148.3,1.0781087683835688
148.4,0.9691342507208968
148.5,0.9973676218162736
148.6,1.036946409755602
148.7,0.9321809115510228
148.8,0.9083885738981832
148.9,0.8393975562382104
149.0,0.8471868785537017
149.1,0.7788156281121853
149.2,0.780231200397486
149.3,0.7772849837701256
149.4,0.7856230582061321
149.5,0.783269710653964
149.6,0.8887110322075343
149.7,0.8822136307128073
149.8,0.892267506709766
149.9,0.8869732321651025
150.0,0.9520736883843326
150.1,0.9811218632351044
150.2,0.9874991530209513
150.3,1.1282036104164384
150.4,1.1789527072871389
150.5,1.1969470651652843
150.6,1.04070435035095
150.7,1.0422404443168312
150.8,1.0524539392955459
150.9,1.1423233357542948
151.0,1.040497064659551
151.1,1.0493133560850008
151.2,1.0331152742127845
151.3,1.0818753083853139
151.4,0.8130145274166546
151.5,0.3917007800333674
151.6,0.13280032151951873
151.7,-0.2856796314760801
151.8,-0.5999878952774097
151.9,-0.8929712511031604
152.0,-1.0359074044482317
152.1,-1.0437559626747623
152.2,-1.1544281231518558
152.3,-1.130093502931918
152.4,-0.9308943033352868
152.5,-0.9777159713101462
152.6,-1.0754376757365873
152.7,-1.1996519014264955
152.8,-1.2135724405138617
152.9,-1.3124503151317164
153.0,-1.3157195894589186
153.1,-1.3563209868091486
153.2,-1.3353529342004122
153.3,-1.3931922416451734
153.4,-1.6469447255155096
153.5,-0.9257142509060526
153.6,-0.2771719187499344
153.7,0.14154518787532716
153.8,0.19535704332868237
153.9,0.3329783435495968
154.0,0.40594595671151784
154.1,0.49704837805652363
154.2,0.6320167514047533
154.3,0.6488838670946312
154.4,0.971639507786993
154.5,0.4869465753678683
154.6,0.1105168997086227
154.7,-0.2329799792491082
154.8,-0.4987127561389052
154.9,-0.6985984483480451
155.0,-0.9665727005123751
155.1,-1.1076495522020775
155.2,-1.3115654762107374
155.3,-1.3868674782335146
155.4,-1.5017868455326882
155.5,-0.9846961494795685
155.6,-0.4490474544555499
155.7,-0.11044146788730984
155.8,0.17331615477610193
155.9,0.4374600413444662
156.0,0.6188325414897576
156.1,0.7812930271012802
156.2,0.8234516069616827
156.3,1.0183693920975327
156.4,0.9371405391958284
156.5,0.4730057576803017
156.6,-0.033196772965528164
156.7,-0.5214302879838772
156.8,-0.8787623919180714
156.9,-1.155343459967614
157.0,-1.2909552988984396
157.1,-1.5089104538013594
157.2,-1.5492677680002607
157.3,-1.5839104766692764
157.4,-1.6114206776839317
157.5,-1.0550036862623238
157.6,-0.4222721627112785
157.7,-0.14149615423179016
157.8,0.2356443923571678
157.9,0.4940019183487834
158.0,0.6882307610412326
158.1,0.779991296957638
158.2,0.9051086103088439
158.3,0.9478375208002315
158.4,0.8846833302333844
158.5,0.5738204786007423
158.6,0.0491281752744612
158.7,-0.5093371827516637
158.8,-0.9110999597072895
158.9,-1.3131019701490088
159.0,-1.5748271036800416
159.1,-1.6739155637615175
159.2,-1.7637152650312145
159.3,-1.875677036488517
159.4,-2.162750220284026
159.5,-1.464648909105269
159.6,-0.840744006266659
159.7,-0.31254735683980595
159.8,0.1542676796619896
159.9,0.5217815707636378
160.0,0.5872329327604013
160.1,0.5408561640748527
160.2,0.650287080233064
160.3,0.6053443425586394
160.4,0.7178316677378057
160.5,0.7060195631085684
160.6,0.7447054426839385
160.7,0.7387815516007016
160.8,0.7797110763008236
160.9,0.79210942046288
161.0,0.8090550707316411
161.1,0.7788485958364758
161.2,0.8526951983231642
161.3,0.833411939415803
161.4,0.8305908041542753
161.5,0.45131438500119736
161.6,0.061368494344737984
161.7,-0.1637392488264097
161.8,-0.36668012014140366
161.9,-0.5799896957212624
162.0,-0.6644445059402728
162.1,-0.7755495965328902
162.2,-0.8998057793265665
162.3,-0.9410095850935033
162.4,-0.809290217471585
162.5,-0.9442875988174388
162.6,-1.0638519754790168
162.7,-1.1718640195797057
162.8,-1.2593192826822341
162.9,-1.285753657959426
163.0,-1.2864981065713244
163.1,-1.2242835011464117
163.2,-1.2852614919328627
163.3,-1.3261663683344174
163.4,-1.264010958823305
163.5,-1.277954596316225
163.6,-1.1601248299172642
163.7,-1.2031815577799412
163.8,-1.2596755580891104
163.9,-1.1991047391962324
164.0,-1.2459337066672196
164.1,-1.289830376550037
164.2,-1.2476306895271962
164.3,-1.3078498326956893
164.4,-1.38134275959604
164.5,-1.3186067901600542
164.6,-1.3787650375320868
164.7,-1.4268244200694822
164.8,-1.3913170710852094
164.9,-1.4267521250598914
165.0,-1.5450977558495553
165.1,-1.4690249070371038
165.2,-1.490234842949021
165.3,-1.572426669378197
165.4,-1.5888331368658863
165.5,-0.9359828320822547
165.6,-0.4669399793630632
165.7,-0.08423982454500331
165.8,0.19694588365356622
165.9,0.3688248591217403
166.0,0.5378922486692108
166.1,0.6884800038363994
166.2,0.9585388721030014
166.3,1.0490248759983216
166.4,0.8464044925605602
166.5,0.8650291369310334
166.6,1.1631273996829086
166.7,1.2344487764819028
166.8,1.1047917265014835
166.9,1.0826743532285212
167.0,1.0566966464282321
167.1,0.9972783479787044
167.2,1.0026887745055815
167.3,0.9862784372850136
167.4,0.9178056538521581
167.5,0.5222618076136533
167.6,0.2453599317089659
167.7,-0.20802833162158907
167.8,-0.46654808641480905
167.9,-0.8760120217717404
168.0,-0.9738871056106451
168.1,-1.076352612579955
168.2,-1.112813295757087
168.3,-1.1325444337480688
168.4,-0.9724608840604464
168.5,-0.5661520109145974
168.6,-0.18961786246694187
168.7,0.06814420762804561
168.8,0.27319504029576913
168.9,0.3328529822030908
169.0,0.5457035094703232
169.1,0.7521779468688804
169.2,0.8886977431248586
169.3,1.008831050514055
169.4,1.0174327567519783
169.5,0.530495749237782
169.6,0.0021925971626369236
169.7,-0.3964939121428434
169.8,-0.7230515303907522
169.9,-0.948975295233224
170.0,-1.1504974944768906
170.1,-1.2900905585900853
170.2,-1.3699712445536052
170.3,-1.4610500575282592
170.4,-1.5119165462955841
170.5,-1.530703449465591
170.6,-1.4935732125066896
170.7,-1.5802334304899157
170.8,-1.5752389752492033
170.9,-1.5806109044334908
171.0,-1.5838481809694493
171.1,-1.5564413728177495
171.2,-1.5131301625215896
171.3,-1.5070585816331445
171.4,-1.5102259629938557
171.5,-0.874082444967353
171.6,-0.333674278482066
171.7,0.06944536181144544
171.8,0.40990369351525197
171.9,0.7161645228181632
172.0,0.8758547496562352
172.1,1.013727812498377
172.2,1.110948501509114
172.3,1.1535017641251948
172.4,0.9605666521285771
172.5,0.6204286513128396
172.6,0.25321053979399794
172.7,-0.1690059052775061
172.8,-0.44821426196949965
172.9,-0.6158981870153206
173.0,-0.8019774322614968
173.1,-0.9601833115617143
173.2,-1.1053508108805283
173.3,-1.1816383448736036
173.4,-1.2024114109419504
173.5,-1.2748740089642618
173.6,-1.1694975829310572
173.7,-1.2155841016520985
173.8,-1.1525326539930718
173.9,-1.1394014604184428
174.0,-1.1422435642325446
174.1,-1.1405766792949563
174.2,-1.1241770113379062
174.3,-1.1085983867055433
174.4,-1.1306630636160513
174.5,-1.1267233355692015
174.6,-1.2326942205678506
174.7,-1.222336635535443
174.8,-1.2208270397404355
174.9,-1.2634583969657698
175.0,-1.2543156280765393
175.1,-1.2068775026547551
175.2,-1.2619082039731222
175.3,-1.1971231759803842
175.4,-0.9560438773002661
175.5,-0.925829702936583
175.6,-0.9007363550904042
175.7,-0.9076767360069674
175.8,-0.8848901889260071
175.9,-0.926713061959717
176.0,-0.970212059293237
176.1,-0.993109808698078
176.2,-1.0030370734348102
176.3,-1.0079773324166037
176.4,-1.1149975449818432
176.5,-1.1789747287387817
176.6,-1.2113917910406202
176.7,-1.274997800419135
176.8,-1.2874952377409485
176.9,-1.3566670629200661
177.0,-1.3814365531216222
177.1,-1.3551446680085613
177.2,-1.366505483789549
177.3,-1.3562233935458563
177.4,-1.3989251459119258
177.5,-1.3753112759397466
177.6,-1.386644493625787
177.7,-1.415045333161084
177.8,-1.4033579399232181
177.9,-1.4041980819295539
178.0,-1.3952700982140451
178.1,-1.3970039785270496
178.2,-1.3928940622280235
178.3,-1.400062067432045
178.4,-1.6285358962476635
178.5,-0.9446217357524986
178.6,-0.1919529912767206
178.7,0.32125870253774325
178.8,0.4910956089666895
178.9,0.4199125726182744
179.0,0.5874988744028735
179.1,0.5629253306754446
179.2,0.6309249467702877
179.3,0.740273088642276
179.4,1.0319413552465404
179.5,1.09243977913673
179.6,1.1374648711263673
179.7,1.2279997216498826
179.8,1.2905265055256143
179.9,1.305253988910901
180.0,1.3033487204285488
180.1,1.269308870145179
180.2,1.2878893875616655
180.3,1.2824528628363054
180.4,1.2630627013082618
180.5,1.248265522733923
180.6,1.1857320393206499
180.7,1.1556375166975976
180.8,1.1569547257727537
180.9,1.0984338653745072
181.0,1.0973847377941126
181.1,1.0952909823227168
181.2,1.0675872946641363
181.3,1.0453363306127328
181.4,1.046594743746479
181.5,1.074440821576093
181.6,1.055148553290635
181.7,1.0575368884276657
181.8,1.045142144017124
181.9,1.0104609380055183
182.0,0.9609382864752503
182.1,1.0081304988720186
182.2,0.8876604047306751
182.3,0.9062137840204634
182.4,0.9014361638119743
182.5,0.3735006763575264
182.6,-0.0765576218352165
182.7,-0.5455268846342031
182.8,-1.087011776794832
182.9,-1.5128099846229597
183.0,-1.7510291407341623
183.1,-1.9222507215812397
183.2,-1.9933189158570201
183.3,-2.0163767242132464
183.4,-2.2921014913718754
183.5,-1.5823150867964977
183.6,-0.9198301870736041
183.7,-0.3481716777496929
183.8,0.11727532318541811
183.9,0.44036783062440515
184.0,0.7448991593119882
184.1,0.7455602636770073
184.2,0.7043069113301919
184.3,0.7978006076092989
184.4,1.023040969625979
184.5,1.0062932256960588
184.6,0.99368392609592
184.7,0.9997635664280344
184.8,1.0101707580361792
184.9,1.0422029469052176
185.0,1.1080182037828974
185.1,1.0749147888588868
185.2,1.0729830222056609
185.3,1.0395945269602906
185.4,1.073081015441344
185.5,0.6201106632630481
185.6,0.15869006439181776
185.7,-0.37490451242470807
185.8,-0.8571453241098203
185.9,-1.1472857161808292
186.0,-1.3955793768650326
186.1,-1.5379659481468781
186.2,-1.6026632821929896
186.3,-1.7424168352278895
186.4,-2.0615089088104517
186.5,-1.332379939421505
186.6,-0.736648951782418
186.7,-0.18448834654925292
186.8,0.26705943382690794
186.9,0.4142008968861499
187.0,0.3907107783716048
187.1,0.5410184928695546
187.2,0.44672704165819943
187.3,0.5813239806459513
187.4,0.8681072144562462
187.5,0.9065923278901833
187.6,0.9856424711847404
187.7,1.0578763649941392
187.8,1.1636127661788327
187.9,1.1658426122561107
188.0,1.144520784067939
188.1,1.1972315455280582
188.2,1.1882969622681052
188.3,1.1769272471014283
188.4,1.1894816804888941
188.5,1.1817858117224533
188.6,1.1440243183381773
188.7,1.1164439221689817
188.8,1.0871085471431803
188.9,1.1330367767906642
189.0,1.0908812867169786
189.1,1.082635955879029
189.2,1.0310021200804473
189.3,1.05808695045776
189.4,0.8322953764903628
189.5,0.8827613529044172
189.6,0.996143646305353
189.7,0.8134041505215924
189.8,0.8972406434220622
189.9,0.9156975793691807
190.0,0.868754069804852
190.1,0.8390603995116022
190.2,0.8655142534442135
190.3,0.7804954221586786
190.4,0.824436298989961
190.5,0.8692394063028468
190.6,0.8199422392077474
190.7,0.8251180919268808
190.8,0.8027168782469698
190.9,0.8430851316907524
191.0,0.8245496211675115
191.1,0.8420759413535535
191.2,0.8296298104901367
191.3,0.8169808536274757
191.4,0.8006381117409096
191.5,0.4798131277783898
191.6,0.12274621553843564
191.7,-0.25366427144537373
191.8,-0.5906675686447073
191.9,-0.7672896067068276
192.0,-0.9063527174018622
192.1,-0.984089881329293
192.2,-1.0541088480315812
192.3,-1.1331424924650282
192.4,-1.004929542800665
192.5,-0.583320235819386
192.6,-0.27513794915161516
192.7,0.0024031972252501455
192.8,0.16967783592345548
192.9,0.38665736817205265
193.0,0.6143523907474252
193.1,0.7566068011521255
193.2,0.8443061174080536
193.3,0.9510302204132641
193.4,1.0321779389155465
193.5,0.6038801536292684
193.6,0.1473052002708488
193.7,-0.25371422799695253
193.8,-0.590103877555405
193.9,-0.8626924611997849
194.0,-1.1241449135535648
194.1,-1.2572129280805362
194.2,-1.3936318113023802
194.3,-1.524326289670771
194.4,-1.603106051629321
194.5,-1.0915347645801916
194.6,-0.6357286581494935
194.7,-0.20877095035980076
194.8,0.07187367218904904
194.9,0.28496509782745066
195.0,0.5019938566780139
195.1,0.697270207062676
195.2,0.8383983752100849
195.3,0.892744923754428
195.4,0.999289759134197
195.5,0.9798273925903506
195.6,1.0073521526000218
195.7,1.0230332701574611
195.8,0.983882272688438
195.9,1.085678245874598
196.0,1.037377679985705
196.1,1.011853541876292
196.2,1.0043282613344178
196.3,1.0304272597621393
196.4,0.7993445310347248
196.5,0.8385695733925471
196.6,1.102021117752191
196.7,0.9792577319131195
196.8,0.9782899187197223
196.9,0.9679865199469234
197.0,0.8490983566074171
197.1,0.9328817931702813
197.2,0.8670340885324189
197.3,0.8842789581465452
197.4,0.8888109653093116
197.5,0.40982381902886056
197.6,0.01186815027462143
197.7,-0.32524898006699177
197.8,-0.7122545356900938
197.9,-0.8783392311281865
198.0,-1.0475332019379542
198.1,-1.1722489930056033
198.2,-1.303849808810965
198.3,-1.320205479805055
198.4,-1.1537258716271597
198.5,-1.182806164260892
198.6,-0.303052292268985
198.7,0.051638035022841665
198.8,0.5045031634645644
198.9,0.6180323067286881
199.0,0.8770312584437082
199.1,1.0126585863053577
199.2,1.0743724262973102
199.3,1.1565364546453432
199.4,0.9871876145259573
199.5,1.0431918786408356
199.6,0.9564899135393464
199.7,0.9196395472614178
199.8,0.9134776226092589
199.9,0.8333816915037682
200.0,0.8468445021873967
200.1,0.775083155758805
200.2,0.7821664168125801
200.3,0.7820095776389383
200.4,0.7844367500950907
200.5,0.7340466684421421
200.6,0.7016708332944586
200.7,0.7544566695722827
200.8,0.7312577809546018
200.9,0.7460910570371874
201.0,0.7769329680692085
201.1,0.7340503781860643
201.2,0.804077314338234
201.3,0.7780955778161099
201.4,0.7953795747293413
201.5,0.862544018474801
201.6,0.8850619440982725
201.7,0.9341700342450524
201.8,0.9573712627012181
201.9,1.013478829685264
202.0,1.0036115108105645
202.1,0.9612144274136812
202.2,0.9954198762660456
202.3,1.0097490871434491
202.4,1.2049241145222769
202.5,0.7185230200148595
202.6,0.1768747391326936
202.7,-0.3075341428939772
202.8,-0.7408759300008463
202.9,-1.131463208383333
203.0,-1.1723400867175497
203.1,-1.3991545300779025
203.2,-1.5671651325736995
203.3,-1.650717165110015
203.4,-1.8744626203177301
203.5,-1.203997301470454
203.6,-0.5935427701741267
203.7,-0.07696134196705903
203.8,0.3465213486975292
203.9,0.6507355992725093
204.0,0.5967961926238099
204.1,0.7304651156710235
204.2,0.7917792232558671
204.3,0.7904703736036733
204.4,1.1136888123498228
204.5,0.6147746416001216
204.6,0.04840797798853238
204.7,-0.5420099274041571
204.8,-0.7643582690523955
204.9,-1.0209447372973055
205.0,-1.193393233452374
205.1,-1.336818833011753
205.2,-1.4079680216966182
205.3,-1.5057379727926687
205.4,-1.707341356432306
205.5,-1.741083827243307
205.6,-1.4490336869991716
205.7,-1.4267032284351475
205.8,-1.3089959535807907
205.9,-1.183275131888804
206.0,-1.1670760500856114
206.1,-0.9933511320399122
206.2,-1.0396248478390373
206.3,-1.0113373004833617
206.4,-0.8462361171549949
206.5,-0.856778769412507
206.6,-0.975387882014441
206.7,-1.0100145917878354
206.8,-1.0386530149231152
206.9,-1.1325296347696185
207.0,-1.134371107655679
207.1,-1.1675682161121745
207.2,-1.1749224084639938
207.3,-1.2146013694885338
207.4,-1.2433476851761627
207.5,-0.6158587097403739
207.6,-0.16579192713329663
207.7,0.2519847644073199
207.8,0.5325715259502228
207.9,0.7603537625053534
208.0,0.9312801137316611
208.1,1.0598691274369227
208.2,1.1010552844221269
208.3,1.1677151829955361
208.4,1.209460401389622
208.5,1.1416777803159583
208.6,1.154781675774933
208.7,1.080906675248516
208.8,1.0243084821316102
208.9,1.0017277408442038
209.0,1.17102625443755
209.1,1.0523197485585183
209.2,0.9719757745750324
209.3,1.0363799488574954
209.4,0.7118908878203781
209.5,0.7764821891857566
209.6,1.0529581044938254
209.7,1.0350388414320042
209.8,0.9191837987210134
209.9,0.8797852983367223
210.0,0.9391995570651056
210.1,0.8955200321931139
210.2,0.8499231596725756
210.3,0.8185438257380012
210.4,0.986800971215329
210.5,0.5832545773799347
210.6,-0.03662438436297453
210.7,-0.5310395846694373
210.8,-0.9673483069734969
210.9,-1.2886785560583702
211.0,-1.3793675959384402
211.1,-1.4487482067054211
211.2,-1.5335520528310391
211.3,-1.6199406895610866
211.4,-1.8641342332698323
211.5,-1.244342816483834
211.6,-0.369963973462241
211.7,0.06832625806139427
211.8,0.3867952686530022
211.9,0.4038334025377665
212.0,0.5555782078356282
212.1,0.7189310718476916
212.2,0.7287277955954603
212.3,0.8139788808488737
212.4,1.0795780669602293
212.5,0.5773057880153863
212.6,0.13159252489179557
212.7,-0.3730039036207056
212.8,-0.6788817693589816
212.9,-0.9251531696365988
213.0,-1.1237025440896242
213.1,-1.23099443790114
213.2,-1.3512990334665864
213.3,-1.42854970097609
213.4,-1.6885043567203835
213.5,-1.7100070724221785
213.6,-1.5343745960521913
213.7,-1.5946859328567042
213.8,-1.2801289462243153
213.9,-1.1715352422746792
214.0,-1.1597993523844599
214.1,-1.0150178464211397
214.2,-1.018500106046306
214.3,-1.003227360299611
214.4,-0.9653311262162707
214.5,-0.6134877434044025
214.6,-0.08822035377541261
214.7,0.22499716731814826
214.8,0.38556122383714964
214.9,0.5108789033573979
215.0,0.7184257667280989
215.1,0.8362276650507486
215.2,1.030216474312323
215.3,1.0519754723233585
215.4,1.0928885481589192
215.5,1.2211218964152004
215.6,1.2936525897370017
215.7,1.2009475890154968
215.8,1.2360199680250539
215.9,1.2994591889167117
216.0,1.3064607056131698
216.1,1.1987291421513493
216.2,1.1945337317538445
216.3,1.170531488590448
216.4,1.065861613785138
216.5,0.6152237705974626
216.6,0.12243477703653921
216.7,-0.3680601348811849
216.8,-0.8456636266731008
216.9,-1.334812471507691
217.0,-1.7066125067436386
217.1,-1.8410635258040107
217.2,-1.9054503812819628
217.3,-1.9340367080133745
217.4,-2.303516303425586
217.5,-1.5081889036088194
217.6,-0.8010713348079603
217.7,-0.32208761829075827
217.8,0.17182327782701917
217.9,0.4664833579111658
218.0,0.42179356277652075
218.1,0.4530574946771137
218.2,0.5694968370548293
218.3,0.5948025302431476
218.4,0.6736378283681244
218.5,0.22514433715924861
218.6,-0.07177154821025328
218.7,-0.3247034277256006
218.8,-0.5321417785867473
218.9,-0.7193862234010538
219.0,-0.890691008504674
219.1,-1.0173340865347749
219.2,-1.1168867145754762
219.3,-1.2040250995515966
219.4,-1.1896925889019712
219.5,-0.7582915178305663
219.6,-0.42936984276973267
219.7,-0.17371244039288591
219.8,0.038539245211432364
219.9,0.20417226482798734
220.0,0.37367987398779945
220.1,0.4443729641564187
220.2,0.5332072920643007
220.3,0.6823152393802677
220.4,0.7886585186731323
220.5,0.8973703344696958
220.6,0.9594533189801904
220.7,1.0180989107684277
220.8,1.1149614245034336
220.9,1.0716861117293248
221.0,1.177983174212462
221.1,1.0894348865596768
221.2,1.1487832898339574
221.3,1.1186501698752176
221.4,1.1172052696143806
221.5,1.0683271435935433
221.6,1.0300203878478593
221.7,1.0833758048084365
221.8,1.0725572515959276
221.9,0.9899994404300951
222.0,0.9609495256994245
222.1,0.9675576095539244
222.2,0.9429614773857395
222.3,0.9440305635884224
222.4,1.1015581497101374
222.5,0.6689818497629092
222.6,0.13415153824718087
222.7,-0.39683226878662337
222.8,-0.8561661517005315
222.9,-1.1630729264148603
223.0,-1.3736800885380143
223.1,-1.4652424681328349
223.2,-1.5321808474831597
223.3,-1.5819421125423159
223.4,-1.8488603875990632
223.5,-1.22539042473724
223.6,-0.47622707828942124
223.7,0.06432291240596642
223.8,0.2778157713340676
223.9,0.1991602308007107
224.0,0.3396474431922742
224.1,0.3809328633255014
224.2,0.5443611721297311
224.3,0.593376468681905
224.4,0.8752678901662108
224.5,0.9754429052445265
224.6,1.1308477278972215
224.7,1.2011160773850131
224.8,1.3219330375827454
224.9,1.3825557528932964
225.0,1.3383376052015796
225.1,1.3711047433382413
225.2,1.326483523469955
225.3,1.267234913307115
225.4,1.27275963194459
225.5,1.1850176886311399
225.6,1.13734337951274
225.7,1.0429060983677925
225.8,1.064275223291146
225.9,0.9905303537819924
226.0,0.9265848878356239
226.1,0.9464406972207378
226.2,0.8853613134332844
226.3,0.8506206815237536
226.4,0.8502453474324679
226.5,0.7758418633864262
226.6,0.7693849990934809
226.7,0.7894720825141167
226.8,0.7104555668982945
226.9,0.7249971631150764
227.0,0.7585296484210422
227.1,0.6656546294356273
227.2,0.6485333012936298
227.3,0.7012505023092368
227.4,0.36508455730881506
227.5,0.505310627726593
227.6,0.7058352858289353
227.7,0.6792539006995993
227.8,0.9345507479649909
227.9,0.8990943054667246
228.0,0.8837524444909439
228.1,0.7857245412009226
228.2,0.7431020633626585
228.3,0.7701218282313395
228.4,0.7278298775773103
228.5,0.7164915702426006
228.6,0.6696242354200509
228.7,0.7252491157231893
228.8,0.741292978240922
228.9,0.6918507511590823
229.0,0.7147529002602193
229.1,0.7762239870090415
229.2,0.7762589645945945
229.3,0.7327478280990215
229.4,0.706693916559024
229.5,0.3353834975256499
229.6,-0.06754636486792752
229.7,-0.3763678014162004
229.8,-0.6629871765373996
229.9,-0.8655879213307854
230.0,-1.0373237066831449
230.1,-1.179064722526654
230.2,-1.274164257957243
230.3,-1.3389686846109223
230.4,-1.3642258411496482
230.5,-1.3569225452845255
230.6,-1.2649670928228987
230.7,-1.3146281647982239
230.8,-1.251557918436842
230.9,-1.2320853625963466
231.0,-1.223005389372431
231.1,-1.1707502964582384
231.2,-1.1797313765085917
231.3,-1.1777406139277609
231.4,-0.8918827062436777
231.5,-0.9350603657586354
231.6,-0.9582858425409776
231.7,-0.9814089963865092
231.8,-1.0081432209655816
231.9,-1.0125860142866372
232.0,-1.0190245698434055
232.1,-1.0606620956713377
232.2,-1.0975968461243613
232.3,-1.14254744325626
232.4,-1.4315637929181255
232.5,-0.5525758280568693
232.6,-0.11745070405090512
232.7,0.10760511070477835
232.8,0.24850913432452687
232.9,0.29065461508913903
233.0,0.4163353295496639
233.1,0.5186774150385618
233.2,0.5721034071274502
233.3,0.5827447625716385
233.4,0.9738348162483477
233.5,1.013619919946028
233.6,1.206370114707188
233.7,1.2714150247606815
233.8,1.353531156414947
233.9,1.4096124852101735
234.0,1.3891790956944956
234.1,1.3640047334406122
234.2,1.3223328099870935
234.3,1.2443810908700654
234.4,1.228659076135693
234.5,1.1697146449758613
234.6,1.104589240478771
234.7,0.9727701297419609
234.8,0.949721980718966
234.9,0.9605029165281439
235.0,0.9473907616393046
235.1,0.9021202965873788
235.2,0.8400535709545599
235.3,0.8639247031683364
235.4,0.8570708062819183
235.5,0.4082535474222077
235.6,-0.13085177899605327
235.7,-0.6034995628725908
235.8,-1.1048334465933607
235.9,-1.3656243446131822
236.0,-1.5392342605972904
236.1,-1.6709516683544952
236.2,-1.718145010673267
236.3,-1.7855183599983073
236.4,-1.7959051430152246
236.5,-1.1726610645609605
236.6,-0.6184243126408935
236.7,-0.11298448234707341
236.8,0.14688572922626666
236.9,0.4619273224070376
237.0,0.6747838292615086
237.1,0.728272077052985
237.2,0.8976380559893059
237.3,0.9245363592422887
237.4,0.867698572664138
237.5,1.0771300359439098
237.6,1.3874341161476536
237.7,1.3328886813321128
237.8,1.2845891153741964
237.9,0.8961485588069232
238.0,1.050315986874995
238.1,0.918065125941213
238.2,0.8978590607337005
238.3,0.9249118833204599
238.4,0.8074947284395834
238.5,0.8012770276375634
238.6,0.8515769355150642
238.7,0.7968822010054436
238.8,0.8295939029687758
238.9,0.8447356277596384
239.0,0.8036968206031103
239.1,0.8585858317021274
239.2,0.7820730232593882
239.3,0.7842824707447487
239.4,0.7926302445112258
239.5,0.7569119300895613
239.6,0.687524469795392
239.7,0.6743441296132747
239.8,0.6562038318091297
239.9,0.6491426892285517
240.0,0.6471887241076508
240.1,0.6688250805844358
240.2,0.6277806938130597
240.3,0.5329014931731111
240.4,0.8128945057015624
240.5,0.44311429104061845
240.6,0.018132355866490032
240.7,-0.23259000616832862
240.8,-0.7133960568927039
240.9,-0.9499156703206301
241.0,-1.1082548104220669
241.1,-1.2698991523706862
241.2,-1.3899184676285778
241.3,-1.4739263686970148
241.4,-1.7383628150704418
241.5,-1.1259905861497261
241.6,-0.45650217986773206
241.7,0.04634970306797074
241.8,0.47304129522720145
241.9,0.48799531297518217
242.0,0.6196227369438244
242.1,0.7426220164995285
242.2,0.6714795273522047
242.3,0.8340293167992259
242.4,0.7632866300541793
242.5,0.45651853576696166
242.6,-0.0314073904837499
242.7,-0.3007822189685281
242.8,-0.48591728938958817
242.9,-0.7090799848242821
243.0,-0.8955262847332599
243.1,-1.03441490747292
243.2,-1.1195098335057556
243.3,-1.2309819387639356
243.4,-1.0046493621410897
243.5,-0.600142174627752
243.6,-0.17023306056893153
243.7,0.21263837042620673
243.8,0.4694215250941664
243.9,0.6504651879385728
244.0,0.9002882930476643
244.1,1.0714426285365815
244.2,1.1916233326540575
244.3,1.175074974960823
244.4,1.2551020508192816
244.5,0.8179398474296615
244.6,0.2703114293468385
244.7,-0.2292075596532224
244.8,-0.7226989347298689
244.9,-1.009597620570694
245.0,-1.1843641567151553
245.1,-1.3748886051160403
245.2,-1.5153695079431428
245.3,-1.600981298297658
245.4,-1.6489473872749592
245.5,-1.1250726495134298
245.6,-0.5683618083757994
245.7,-0.2616094130049107
245.8,0.08203507476361924
245.9,0.3735425334681967
246.0,0.6800397664525385
246.1,0.6394544079951691
246.2,0.8134644963560157
246.3,0.8771896575096729
246.4,0.7675831134747743
246.5,0.28148235823541573
246.6,-0.12115847810916938
246.7,-0.47544341238463006
246.8,-0.7920741058723387
246.9,-1.0818497331224821
247.0,-1.1309976405207405
247.1,-1.0955941843649115
247.2,-1.155634739861027
247.3,-1.1524867571612571
247.4,-1.0169478131986078
247.5,-0.6322424487969707
247.6,-0.22944984292879392
247.7,0.11923046822487113
247.8,0.47622724530614363
247.9,0.5533886689760071
248.0,0.7648501121295026
248.1,0.9458530677838616
248.2,1.0317258701211354
248.3,1.140338072793834
248.4,0.9407035132494064
248.5,1.0101896567316324
248.6,0.923072960258389
248.7,0.8449289644139172
248.8,0.8756134563123302
248.9,0.761615755391995
249.0,0.7529798415153706
249.1,0.7275202189525518
249.2,0.7951659094783131
249.3,0.7198094012180146
249.4,0.7503347940987795
249.5,0.7596761992764635
249.6,0.8005532675975657
249.7,0.880158472577099
249.8,0.8108342479178746
